item_id,museum,image_url,download_status,acquisition_action,failure_code,failure_detail,http_status,attempt_count,final_url,content_type,image_local_path,filename,image_bytes,image_width,image_height,image_format,sha256,download_version
CMA:102924,CMA,https://openaccess-cdn.clevelandart.org/1921.1550/1921.1550_web.jpg,available,reused,,,0,0,,,data/images/cma/CMA_102924.jpg,CMA_102924.jpg,248446,303,893,JPEG,de9ee8775917a1e9a6025397fe227bf282325db442f6c74e401ea848f634a08b,image_download_v1
CMA:104234,CMA,https://openaccess-cdn.clevelandart.org/1922.389/1922.389_web.jpg,available,reused,,,0,0,,,data/images/cma/CMA_104234.jpg,CMA_104234.jpg,907847,1124,893,JPEG,731182bba04eabb294acc242316cdd600a2a0a62a791f6880116ad8a3698d0ba,image_download_v1
CMA:104236,CMA,https://openaccess-cdn.clevelandart.org/1922.390/1922.390_web.jpg,available,reused,,,0,0,,,data/images/cma/CMA_104236.jpg,CMA_104236.jpg,885053,1263,829,JPEG,22f9b85b07f0aae0480fb37a0f992053594924d17dc771dd65c5062834863671,image_download_v1
CMA:104238,CMA,https://openaccess-cdn.clevelandart.org/1922.392/1922.392_web.jpg,available,reused,,,0,0,,,data/images/cma/CMA_104238.jpg,CMA_104238.jpg,305053,437,893,JPEG,77087c319a10c79d018dd719512950272a386c52504cee5808d88ea7853cef42,image_download_v1
CMA:104240,CMA,https://openaccess-cdn.clevelandart.org/1922.394/1922.394_web.jpg,available,reused,,,0,0,,,data/images/cma/CMA_104240.jpg,CMA_104240.jpg,323679,1263,270,JPEG,95e8aee3b9b04121ac4b54a9c4c5cff7916fbf681edb00f09a02d6cb90eb7402,image_download_v1
CMA:104241,CMA,https://openaccess-cdn.clevelandart.org/1922.395/1922.395_web.jpg,available,downloaded,,,200,1,https://openaccess-cdn.clevelandart.org/1922.395/1922.395_web.jpg,image/jpeg,data/images/cma/CMA_104241.jpg,CMA_104241.jpg,338462,742,900,JPEG,723b0bc2ecf87ae5961b437040f81c095075f4ac539d471b74489b6482515e76,image_download_v1
CMA:104242,CMA,https://openaccess-cdn.clevelandart.org/1922.395.a/1922.395.a_web.jpg,available,downloaded,,,200,1,https://openaccess-cdn.clevelandart.org/1922.395.a/1922.395.a_web.jpg,image/jpeg,data/images/cma/CMA_104242.jpg,CMA_104242.jpg,173500,900,270,JPEG,c03af74af54f0a0d256dd6c73ce70b04f36ffdb0ebbf6c7510074b522efd2f64,image_download_v1
CMA:104243,CMA,https://openaccess-cdn.clevelandart.org/1922.395.b/1922.395.b_web.jpg,available,downloaded,,,200,1,https://openaccess-cdn.clevelandart.org/1922.395.b/1922.395.b_web.jpg,image/jpeg,data/images/cma/CMA_104243.jpg,CMA_104243.jpg,172858,900,284,JPEG,242a73b74c496c3e52076e5410a90b1bea19e057809d8b92aa36e8f43c4e4b78,image_download_v1
CMA:104244,CMA,https://openaccess-cdn.clevelandart.org/1922.395.c/1922.395.c_web.jpg,available,downloaded,,,200,1,https://openaccess-cdn.clevelandart.org/1922.395.c/1922.395.c_web.jpg,image/jpeg,data/images/cma/CMA_104244.jpg,CMA_104244.jpg,171197,900,292,JPEG,83f905596afb2180015c709156f4a5d5a3e3fb2365d644e7201abfe43edf1994,image_download_v1
CMA:104245,CMA,https://openaccess-cdn.clevelandart.org/1922.395.d/1922.395.d_web.jpg,available,downloaded,,,200,1,https://openaccess-cdn.clevelandart.org/1922.395.d/1922.395.d_web.jpg,image/jpeg,data/images/cma/CMA_104245.jpg,CMA_104245.jpg,168719,900,277,JPEG,69d0b82bfa091d4c083585db31bc86e4ae2ffb937da90e298f5d89591343d614,image_download_v1
CMA:104246,CMA,https://openaccess-cdn.clevelandart.org/1922.396/1922.396_web.jpg,available,downloaded,,,200,1,https://openaccess-cdn.clevelandart.org/1922.396/1922.396_web.jpg,image/jpeg,data/images/cma/CMA_104246.jpg,CMA_104246.jpg,378801,807,900,JPEG,283af313bb8eafe50108de27cd778a9aa104708e4fe5a37799ee862a7db7cc3e,image_download_v1
CMA:104247,CMA,https://openaccess-cdn.clevelandart.org/1922.396.a/1922.396.a_web.jpg,available,downloaded,,,200,1,https://openaccess-cdn.clevelandart.org/1922.396.a/1922.396.a_web.jpg,image/jpeg,data/images/cma/CMA_104247.jpg,CMA_104247.jpg,197364,900,313,JPEG,3996d38e0189236228978b91271171c99bdf3e5ac232d26677cf56ca3adb94f2,image_download_v1
CMA:104248,CMA,https://openaccess-cdn.clevelandart.org/1922.396.b/1922.396.b_web.jpg,available,downloaded,,,200,1,https://openaccess-cdn.clevelandart.org/1922.396.b/1922.396.b_web.jpg,image/jpeg,data/images/cma/CMA_104248.jpg,CMA_104248.jpg,201662,900,336,JPEG,807b7823f7d6100a9a13db9d9a05e726ce7ad44a4073b4bd0b0e162a99e14d16,image_download_v1
CMA:104249,CMA,https://openaccess-cdn.clevelandart.org/1922.396.c/1922.396.c_web.jpg,available,downloaded,,,200,1,https://openaccess-cdn.clevelandart.org/1922.396.c/1922.396.c_web.jpg,image/jpeg,data/images/cma/CMA_104249.jpg,CMA_104249.jpg,198168,900,293,JPEG,603af7c85ee66714cbf049064e9496e3270cb8f8d08fc28367d05259dcc1a965,image_download_v1
CMA:104390,CMA,https://openaccess-cdn.clevelandart.org/1922.517/1922.517_web.jpg,available,downloaded,,,200,1,https://openaccess-cdn.clevelandart.org/1922.517/1922.517_web.jpg,image/jpeg,data/images/cma/CMA_104390.jpg,CMA_104390.jpg,78197,750,618,JPEG,ab9d040d9ed45aa5ef8aacd9d1dc1ed9cffd3f84ac0f50877016101c64304a94,image_download_v1
CMA:108026,CMA,https://openaccess-cdn.clevelandart.org/1925.654/1925.654_web.jpg,available,downloaded,,,200,1,https://openaccess-cdn.clevelandart.org/1925.654/1925.654_web.jpg,image/jpeg,data/images/cma/CMA_108026.jpg,CMA_108026.jpg,931551,1160,893,JPEG,b41bf6cf1d4fe5c5d94b33efe7b1ea8983fa2069599f486de6ebc8ee51d2edbf,image_download_v1
CMA:108033,CMA,https://openaccess-cdn.clevelandart.org/1925.660/1925.660_web.jpg,available,downloaded,,,200,1,https://openaccess-cdn.clevelandart.org/1925.660/1925.660_web.jpg,image/jpeg,data/images/cma/CMA_108033.jpg,CMA_108033.jpg,608630,682,893,JPEG,9df6062b59741766ebecf351026c9b8d0fae2086cc547f018a61801bf29edd7c,image_download_v1
CMA:108034,CMA,https://openaccess-cdn.clevelandart.org/1925.661/1925.661_web.jpg,available,downloaded,,,200,1,https://openaccess-cdn.clevelandart.org/1925.661/1925.661_web.jpg,image/jpeg,data/images/cma/CMA_108034.jpg,CMA_108034.jpg,571417,682,893,JPEG,781e645166556d51379e7d8ea6ffe0638f6073b8511fc28bb681014b293ef213,image_download_v1
CMA:108038,CMA,https://openaccess-cdn.clevelandart.org/1925.665/1925.665_web.jpg,available,downloaded,,,200,1,https://openaccess-cdn.clevelandart.org/1925.665/1925.665_web.jpg,image/jpeg,data/images/cma/CMA_108038.jpg,CMA_108038.jpg,383365,1263,333,JPEG,cfdf77e399211f9423149eeba6bfe62e8c2309ee751343aeaaa9fbe8e66ce6a7,image_download_v1
CMA:108042,CMA,https://openaccess-cdn.clevelandart.org/1925.667/1925.667_web.jpg,available,downloaded,,,200,1,https://openaccess-cdn.clevelandart.org/1925.667/1925.667_web.jpg,image/jpeg,data/images/cma/CMA_108042.jpg,CMA_108042.jpg,168622,900,575,JPEG,7c42d15ba415cf8ea11df7de3d10949831b7037992e4440ae15ea11e85d1db7d,image_download_v1
CMA:108043,CMA,https://openaccess-cdn.clevelandart.org/1925.668/1925.668_web.jpg,available,downloaded,,,200,1,https://openaccess-cdn.clevelandart.org/1925.668/1925.668_web.jpg,image/jpeg,data/images/cma/CMA_108043.jpg,CMA_108043.jpg,888764,1251,893,JPEG,8ac8d2dfcee4ea38858a4e232e54d8823016780867ec82cc7edcc9b33aebf3d2,image_download_v1
CMA:108044,CMA,https://openaccess-cdn.clevelandart.org/1925.669/1925.669_web.jpg,available,downloaded,,,200,1,https://openaccess-cdn.clevelandart.org/1925.669/1925.669_web.jpg,image/jpeg,data/images/cma/CMA_108044.jpg,CMA_108044.jpg,493584,743,893,JPEG,77bb6ecddd39ceecbda6a5bac222d36081401bac1aa11a2fc9c0e36202b2421c,image_download_v1
CMA:114131,CMA,https://openaccess-cdn.clevelandart.org/1933.392/1933.392_web.jpg,available,downloaded,,,200,1,https://openaccess-cdn.clevelandart.org/1933.392/1933.392_web.jpg,image/jpeg,data/images/cma/CMA_114131.jpg,CMA_114131.jpg,138282,900,435,JPEG,58c6a82464be721ff3765a77ac9a6c5bdb40da12055e969851cf077d807abcdc,image_download_v1
CMA:114132,CMA,https://openaccess-cdn.clevelandart.org/1933.393/1933.393_web.jpg,available,downloaded,,,200,1,https://openaccess-cdn.clevelandart.org/1933.393/1933.393_web.jpg,image/jpeg,data/images/cma/CMA_114132.jpg,CMA_114132.jpg,634698,1263,548,JPEG,5617efb1b71cb1e60755c81e8a2f0241bb60edd6827f27c525be7e7e6b31ff38,image_download_v1
CMA:119652,CMA,https://openaccess-cdn.clevelandart.org/1940.494/1940.494_web.jpg,available,downloaded,,,200,1,https://openaccess-cdn.clevelandart.org/1940.494/1940.494_web.jpg,image/jpeg,data/images/cma/CMA_119652.jpg,CMA_119652.jpg,454257,1263,377,JPEG,6c72bf147e7711018097cdfcb769d7c799eb0c44a35e6b08eebbfdb1bb807a6e,image_download_v1
CMA:119655,CMA,https://openaccess-cdn.clevelandart.org/1940.497/1940.497_web.jpg,available,downloaded,,,200,1,https://openaccess-cdn.clevelandart.org/1940.497/1940.497_web.jpg,image/jpeg,data/images/cma/CMA_119655.jpg,CMA_119655.jpg,686337,1263,578,JPEG,2af8c7985724aa01307db4713b572d7623b5d434b45543ef0fddd2fd71f7ec0c,image_download_v1
CMA:119656,CMA,https://openaccess-cdn.clevelandart.org/1940.498/1940.498_web.jpg,available,downloaded,,,200,1,https://openaccess-cdn.clevelandart.org/1940.498/1940.498_web.jpg,image/jpeg,data/images/cma/CMA_119656.jpg,CMA_119656.jpg,83466,750,678,JPEG,ec3532effa6a2ba3e0a4ba78fb426a3e197088ebb83a458e13e3af7f7281030c,image_download_v1
CMA:119675,CMA,https://openaccess-cdn.clevelandart.org/1940.514/1940.514_web.jpg,available,downloaded,,,200,1,https://openaccess-cdn.clevelandart.org/1940.514/1940.514_web.jpg,image/jpeg,data/images/cma/CMA_119675.jpg,CMA_119675.jpg,676551,780,893,JPEG,5205614009d203517200bc89a51b97c7eaf8cd41de5397c458512592c83a52e8,image_download_v1
CMA:119676,CMA,https://openaccess-cdn.clevelandart.org/1940.515/1940.515_web.jpg,available,downloaded,,,200,1,https://openaccess-cdn.clevelandart.org/1940.515/1940.515_web.jpg,image/jpeg,data/images/cma/CMA_119676.jpg,CMA_119676.jpg,345598,1263,432,JPEG,cea0a91fa5f8fc90fdc4034fb2e272803b59a2f2f6fe83273b0019241993d8e1,image_download_v1
CMA:119677,CMA,https://openaccess-cdn.clevelandart.org/1940.516/1940.516_web.jpg,available,downloaded,,,200,1,https://openaccess-cdn.clevelandart.org/1940.516/1940.516_web.jpg,image/jpeg,data/images/cma/CMA_119677.jpg,CMA_119677.jpg,190501,336,893,JPEG,c34bd781b64beb01dc054ede6dd9ece8fd9fb03f5fc9fd916b4b9650ff892edf,image_download_v1
CMA:119678,CMA,https://openaccess-cdn.clevelandart.org/1940.517/1940.517_web.jpg,available,downloaded,,,200,1,https://openaccess-cdn.clevelandart.org/1940.517/1940.517_web.jpg,image/jpeg,data/images/cma/CMA_119678.jpg,CMA_119678.jpg,251540,372,893,JPEG,3cd33082e2df2d840eed0bdf6696d088da21a284ffea9e50ccb122c1630bcd61,image_download_v1
CMA:119679,CMA,https://openaccess-cdn.clevelandart.org/1940.518/1940.518_web.jpg,available,downloaded,,,200,1,https://openaccess-cdn.clevelandart.org/1940.518/1940.518_web.jpg,image/jpeg,data/images/cma/CMA_119679.jpg,CMA_119679.jpg,479064,533,893,JPEG,15d840877673b4d71150663401c1e6726072ae69f81e31a8f919c40b9989418a,image_download_v1
CMA:119680,CMA,https://openaccess-cdn.clevelandart.org/1940.519/1940.519_web.jpg,available,downloaded,,,200,1,https://openaccess-cdn.clevelandart.org/1940.519/1940.519_web.jpg,image/jpeg,data/images/cma/CMA_119680.jpg,CMA_119680.jpg,355392,489,893,JPEG,046b556cbb809c5f3bcd18b47a2647e605c80e4a3599c8a3b43db734b20dadfc,image_download_v1
CMA:119682,CMA,https://openaccess-cdn.clevelandart.org/1940.520/1940.520_web.jpg,available,downloaded,,,200,1,https://openaccess-cdn.clevelandart.org/1940.520/1940.520_web.jpg,image/jpeg,data/images/cma/CMA_119682.jpg,CMA_119682.jpg,170163,509,900,JPEG,ea9f6ae3364c594d8ad7d3a55e478ac7638e19c9ea79f405f97b034c466f2533,image_download_v1
CMA:119683,CMA,https://openaccess-cdn.clevelandart.org/1940.521/1940.521_web.jpg,available,downloaded,,,200,1,https://openaccess-cdn.clevelandart.org/1940.521/1940.521_web.jpg,image/jpeg,data/images/cma/CMA_119683.jpg,CMA_119683.jpg,219768,565,900,JPEG,d8b0dab52942203e04db28f070b190b990b5d2e1cef935590e04c15685fac1ca,image_download_v1
CMA:119684,CMA,https://openaccess-cdn.clevelandart.org/1940.522/1940.522_web.jpg,available,downloaded,,,200,1,https://openaccess-cdn.clevelandart.org/1940.522/1940.522_web.jpg,image/jpeg,data/images/cma/CMA_119684.jpg,CMA_119684.jpg,400281,493,893,JPEG,f9ccd4c9de2f07c0821e77b34b87832ef31924a1198be1e4e22ffd9786fd11e2,image_download_v1
CMA:119685,CMA,https://openaccess-cdn.clevelandart.org/1940.523/1940.523_web.jpg,available,downloaded,,,200,1,https://openaccess-cdn.clevelandart.org/1940.523/1940.523_web.jpg,image/jpeg,data/images/cma/CMA_119685.jpg,CMA_119685.jpg,199636,526,900,JPEG,9807b1148ba1993a76615af722a726142ae8da9119ca9dba48f5e6d6f8875d1f,image_download_v1
CMA:119686,CMA,https://openaccess-cdn.clevelandart.org/1940.524/1940.524_web.jpg,available,downloaded,,,200,1,https://openaccess-cdn.clevelandart.org/1940.524/1940.524_web.jpg,image/jpeg,data/images/cma/CMA_119686.jpg,CMA_119686.jpg,212249,549,900,JPEG,d85b7ce49168604662379a9a31e4245e7d0c74477f7d056bee18e031d2c14c3f,image_download_v1
CMA:119687,CMA,https://openaccess-cdn.clevelandart.org/1940.525/1940.525_web.jpg,available,downloaded,,,200,1,https://openaccess-cdn.clevelandart.org/1940.525/1940.525_web.jpg,image/jpeg,data/images/cma/CMA_119687.jpg,CMA_119687.jpg,401422,563,893,JPEG,df60750814b3ac602459f694d00b382296057788d023011b5c963e3aa11ef5cb,image_download_v1
CMA:119688,CMA,https://openaccess-cdn.clevelandart.org/1940.526/1940.526_web.jpg,available,downloaded,,,200,1,https://openaccess-cdn.clevelandart.org/1940.526/1940.526_web.jpg,image/jpeg,data/images/cma/CMA_119688.jpg,CMA_119688.jpg,491880,585,893,JPEG,38d027b319a8f681136e5f41927611da16c62213e8a9275071decceb193e2039,image_download_v1
CMA:119689,CMA,https://openaccess-cdn.clevelandart.org/1940.527/1940.527_web.jpg,available,downloaded,,,200,1,https://openaccess-cdn.clevelandart.org/1940.527/1940.527_web.jpg,image/jpeg,data/images/cma/CMA_119689.jpg,CMA_119689.jpg,221155,550,900,JPEG,bb188a892a1cee5b57645335cd34651c1c934df001f52a7c2779a21191b52e56,image_download_v1
CMA:119690,CMA,https://openaccess-cdn.clevelandart.org/1940.528/1940.528_web.jpg,available,downloaded,,,200,1,https://openaccess-cdn.clevelandart.org/1940.528/1940.528_web.jpg,image/jpeg,data/images/cma/CMA_119690.jpg,CMA_119690.jpg,815815,1188,893,JPEG,588a2bbadc36698709355dcd18c27c0450220eb378afaf3d80360626d22a698f,image_download_v1
CMA:119693,CMA,https://openaccess-cdn.clevelandart.org/1940.530/1940.530_web.jpg,available,downloaded,,,200,1,https://openaccess-cdn.clevelandart.org/1940.530/1940.530_web.jpg,image/jpeg,data/images/cma/CMA_119693.jpg,CMA_119693.jpg,95485,1263,344,JPEG,cabe2eee67f9f084dc3953c3f0f2a64615c473744bfe2d17bf49ea688cde7d06,image_download_v1
CMA:124413,CMA,https://openaccess-cdn.clevelandart.org/1945.379/1945.379_web.jpg,available,downloaded,,,200,1,https://openaccess-cdn.clevelandart.org/1945.379/1945.379_web.jpg,image/jpeg,data/images/cma/CMA_124413.jpg,CMA_124413.jpg,143795,750,747,JPEG,1843343ddbb874f23211484b47f9ae2d1ca93d5984ea98ba2689c48cf012b3a1,image_download_v1
CMA:124739,CMA,https://openaccess-cdn.clevelandart.org/1946.226/1946.226_web.jpg,available,downloaded,,,200,1,https://openaccess-cdn.clevelandart.org/1946.226/1946.226_web.jpg,image/jpeg,data/images/cma/CMA_124739.jpg,CMA_124739.jpg,827760,1263,682,JPEG,17f7d82b341fe0b24c6df72e7db58ff85a2ffaf52064588ffc27c00ea6a54186,image_download_v1
CMA:124740,CMA,https://openaccess-cdn.clevelandart.org/1946.227/1946.227_web.jpg,available,downloaded,,,200,1,https://openaccess-cdn.clevelandart.org/1946.227/1946.227_web.jpg,image/jpeg,data/images/cma/CMA_124740.jpg,CMA_124740.jpg,470515,780,900,JPEG,531e1eb44f317f2097015437acf075539e1206ae67ded4d386f28b4b976a82c6,image_download_v1
CMA:124741,CMA,https://openaccess-cdn.clevelandart.org/1946.228/1946.228_web.jpg,available,downloaded,,,200,1,https://openaccess-cdn.clevelandart.org/1946.228/1946.228_web.jpg,image/jpeg,data/images/cma/CMA_124741.jpg,CMA_124741.jpg,270355,900,519,JPEG,0642ca4c36c5227abf9fec126e3f5dbaf8f573c966f795f7f29e36a9a6f09484,image_download_v1
CMA:125095,CMA,https://openaccess-cdn.clevelandart.org/1946.75/1946.75_web.jpg,available,downloaded,,,200,1,https://openaccess-cdn.clevelandart.org/1946.75/1946.75_web.jpg,image/jpeg,data/images/cma/CMA_125095.jpg,CMA_125095.jpg,820160,858,893,JPEG,96145bef7edbcbfe819ba8d09c445d153d0f326fb4a3fa6d0a4aeaa35dd7ab40,image_download_v1
CMA:126684,CMA,https://openaccess-cdn.clevelandart.org/1949.12/1949.12_web.jpg,available,downloaded,,,200,1,https://openaccess-cdn.clevelandart.org/1949.12/1949.12_web.jpg,image/jpeg,data/images/cma/CMA_126684.jpg,CMA_126684.jpg,789252,891,893,JPEG,3d6c9365fac20eb2798f6ff293d81e7d0f455521522d48b5142a99285a90ee28,image_download_v1
CMA:128454,CMA,https://openaccess-cdn.clevelandart.org/1951.393/1951.393_web.jpg,available,downloaded,,,200,1,https://openaccess-cdn.clevelandart.org/1951.393/1951.393_web.jpg,image/jpeg,data/images/cma/CMA_128454.jpg,CMA_128454.jpg,527735,725,893,JPEG,3b59679df9f2cbf59b418f65b0e912c6369dd0a7fcd878507cd62c819c2814d6,image_download_v1
CMA:130555,CMA,https://openaccess-cdn.clevelandart.org/1953.288/1953.288_web.jpg,available,downloaded,,,200,1,https://openaccess-cdn.clevelandart.org/1953.288/1953.288_web.jpg,image/jpeg,data/images/cma/CMA_130555.jpg,CMA_130555.jpg,807042,1263,706,JPEG,91f6799433f014738ad7617663291c5e0f62d9ce42c28216c0fe87c88a89f8d3,image_download_v1
CMA:134395,CMA,https://openaccess-cdn.clevelandart.org/1956.84/1956.84_web.jpg,available,downloaded,,,200,1,https://openaccess-cdn.clevelandart.org/1956.84/1956.84_web.jpg,image/jpeg,data/images/cma/CMA_134395.jpg,CMA_134395.jpg,98386,750,712,JPEG,a7b2292329229bd51f06bd022960480cd8782e5be241460e6b4052735f78ed7b,image_download_v1
CMA:134604,CMA,https://openaccess-cdn.clevelandart.org/1957.136/1957.136_web.jpg,available,downloaded,,,200,1,https://openaccess-cdn.clevelandart.org/1957.136/1957.136_web.jpg,image/jpeg,data/images/cma/CMA_134604.jpg,CMA_134604.jpg,626267,805,893,JPEG,51a208027b47fbdb94b03d3da6356099a6f42b33c308a72537054f7616961e2d,image_download_v1
CMA:134765,CMA,https://openaccess-cdn.clevelandart.org/1957.340/1957.340_web.jpg,available,downloaded,,,200,1,https://openaccess-cdn.clevelandart.org/1957.340/1957.340_web.jpg,image/jpeg,data/images/cma/CMA_134765.jpg,CMA_134765.jpg,715513,1263,663,JPEG,a0548dc83978328a8e3655933af5955fe44a0c7f748f6d2072618b1301a46e2e,image_download_v1
CMA:134948,CMA,https://openaccess-cdn.clevelandart.org/1957.495/1957.495_web.jpg,available,downloaded,,,200,1,https://openaccess-cdn.clevelandart.org/1957.495/1957.495_web.jpg,image/jpeg,data/images/cma/CMA_134948.jpg,CMA_134948.jpg,810556,883,893,JPEG,84e824b83ba638c371a12f589d353a369060efbb4f797e0348aff81fb4d48abb,image_download_v1
CMA:137312,CMA,https://openaccess-cdn.clevelandart.org/1962.240/1962.240_web.jpg,available,downloaded,,,200,1,https://openaccess-cdn.clevelandart.org/1962.240/1962.240_web.jpg,image/jpeg,data/images/cma/CMA_137312.jpg,CMA_137312.jpg,81816,750,650,JPEG,62e7d5dc6a0c287a8d37b806eed3edefac575a63db5099031d47570dfaaebd8a,image_download_v1
CMA:149062,CMA,https://openaccess-cdn.clevelandart.org/1977.190/1977.190_web.jpg,available,downloaded,,,200,1,https://openaccess-cdn.clevelandart.org/1977.190/1977.190_web.jpg,image/jpeg,data/images/cma/CMA_149062.jpg,CMA_149062.jpg,1074457,1263,892,JPEG,b3c1365eca65ee4842e0c821e61ad1b625f94a5948bcf7b6ddbe8d517d32afd6,image_download_v1
CMA:152258,CMA,https://openaccess-cdn.clevelandart.org/1985.139/1985.139_web.jpg,available,downloaded,,,200,1,https://openaccess-cdn.clevelandart.org/1985.139/1985.139_web.jpg,image/jpeg,data/images/cma/CMA_152258.jpg,CMA_152258.jpg,371076,495,893,JPEG,2f24b98bf19630d9344cef42f21be96bd661d7bd18a5dec28fe5492b6aaef595,image_download_v1
CMA:152334,CMA,https://openaccess-cdn.clevelandart.org/1985.193/1985.193_web.jpg,available,downloaded,,,200,1,https://openaccess-cdn.clevelandart.org/1985.193/1985.193_web.jpg,image/jpeg,data/images/cma/CMA_152334.jpg,CMA_152334.jpg,144094,181,893,JPEG,fd26c82426681e52e920159009acfc2e13f46b4fb6735d8f0f80bad4653c1f14,image_download_v1
CMA:152819,CMA,https://openaccess-cdn.clevelandart.org/1985.7/1985.7_web.jpg,available,downloaded,,,200,1,https://openaccess-cdn.clevelandart.org/1985.7/1985.7_web.jpg,image/jpeg,data/images/cma/CMA_152819.jpg,CMA_152819.jpg,368545,555,900,JPEG,b071f6d2a52222761a8e65071d105a8335313fbf947a14f205f4625ce568be6d,image_download_v1
CMA:155505,CMA,https://openaccess-cdn.clevelandart.org/1990.225/1990.225_web.jpg,available,downloaded,,,200,1,https://openaccess-cdn.clevelandart.org/1990.225/1990.225_web.jpg,image/jpeg,data/images/cma/CMA_155505.jpg,CMA_155505.jpg,352751,900,827,JPEG,9d286956281ffda27b197b5feadcc3c357a1c5b9bb3fdea90f246b75e7ab8185,image_download_v1
CMA:155934,CMA,https://openaccess-cdn.clevelandart.org/1991.223/1991.223_web.jpg,available,downloaded,,,200,1,https://openaccess-cdn.clevelandart.org/1991.223/1991.223_web.jpg,image/jpeg,data/images/cma/CMA_155934.jpg,CMA_155934.jpg,185448,392,900,JPEG,7c9d4b1b5146f77eece3623089cc561771b3ebb850fe30e7920a4c234ffc3182,image_download_v1
CMA:156237,CMA,https://openaccess-cdn.clevelandart.org/1992.103/1992.103_web.jpg,available,downloaded,,,200,1,https://openaccess-cdn.clevelandart.org/1992.103/1992.103_web.jpg,image/jpeg,data/images/cma/CMA_156237.jpg,CMA_156237.jpg,399726,466,893,JPEG,cb4328bbc47bffc60f7fb62bfc0d35d0b1d0ee1ac9e09fbac9b7011e4cc98141,image_download_v1
CMA:157111,CMA,https://openaccess-cdn.clevelandart.org/1993.242/1993.242_web.jpg,available,downloaded,,,200,1,https://openaccess-cdn.clevelandart.org/1993.242/1993.242_web.jpg,image/jpeg,data/images/cma/CMA_157111.jpg,CMA_157111.jpg,546446,685,893,JPEG,165ca455a33178b4c40dac551836394a00532ea9ac62f532913ae27ca3102b8e,image_download_v1
CMA:157112,CMA,https://openaccess-cdn.clevelandart.org/1993.243/1993.243_web.jpg,available,downloaded,,,200,1,https://openaccess-cdn.clevelandart.org/1993.243/1993.243_web.jpg,image/jpeg,data/images/cma/CMA_157112.jpg,CMA_157112.jpg,588014,710,893,JPEG,41726e1f9df5d03f756c5469454aa38ddbe8420503bab89cc8dcbb3eaffcad28,image_download_v1
CMA:160691,CMA,https://openaccess-cdn.clevelandart.org/1998.52/1998.52_web.jpg,available,downloaded,,,200,1,https://openaccess-cdn.clevelandart.org/1998.52/1998.52_web.jpg,image/jpeg,data/images/cma/CMA_160691.jpg,CMA_160691.jpg,557131,706,893,JPEG,862a5abed3061040badd421e9bc62aeddb02049c0ea5c45577c50b5514646f4d,image_download_v1
CMA:160692,CMA,https://openaccess-cdn.clevelandart.org/1998.53/1998.53_web.jpg,available,downloaded,,,200,1,https://openaccess-cdn.clevelandart.org/1998.53/1998.53_web.jpg,image/jpeg,data/images/cma/CMA_160692.jpg,CMA_160692.jpg,604848,768,893,JPEG,e3e5b185c8cd6e6a93803fa9985063c09bc4d2a311b3139ae793f246eb5bb740,image_download_v1
CMA:163622,CMA,https://openaccess-cdn.clevelandart.org/2005.13/2005.13_web.jpg,available,downloaded,,,200,1,https://openaccess-cdn.clevelandart.org/2005.13/2005.13_web.jpg,image/jpeg,data/images/cma/CMA_163622.jpg,CMA_163622.jpg,121572,211,900,JPEG,e7378a5b05f856e67748409b04bbb8606c2befb38508a03519199f299047c4d5,image_download_v1
CMA:163640,CMA,https://openaccess-cdn.clevelandart.org/2005.14/2005.14_web.jpg,available,downloaded,,,200,1,https://openaccess-cdn.clevelandart.org/2005.14/2005.14_web.jpg,image/jpeg,data/images/cma/CMA_163640.jpg,CMA_163640.jpg,105105,243,900,JPEG,6ed53ccf66e33be963f6a29e9fcdd70b0cfd7d6ebfd0bada9d8d61c824d56304,image_download_v1
CMA:163676,CMA,https://openaccess-cdn.clevelandart.org/2005.15/2005.15_web.jpg,available,downloaded,,,200,1,https://openaccess-cdn.clevelandart.org/2005.15/2005.15_web.jpg,image/jpeg,data/images/cma/CMA_163676.jpg,CMA_163676.jpg,659219,1263,542,JPEG,7849e36041ca4c267f873befcd0886fed60fb0bcda9ed6ecca350a6cb3a92c5b,image_download_v1
CMA:163708,CMA,https://openaccess-cdn.clevelandart.org/2005.16/2005.16_web.jpg,available,downloaded,,,200,1,https://openaccess-cdn.clevelandart.org/2005.16/2005.16_web.jpg,image/jpeg,data/images/cma/CMA_163708.jpg,CMA_163708.jpg,275460,900,665,JPEG,92a9f0112be2934b1543dfc6c43d910fec6647b3a1577e95d2afa59f12bff578,image_download_v1
CMA:163724,CMA,https://openaccess-cdn.clevelandart.org/2005.17/2005.17_web.jpg,available,downloaded,,,200,1,https://openaccess-cdn.clevelandart.org/2005.17/2005.17_web.jpg,image/jpeg,data/images/cma/CMA_163724.jpg,CMA_163724.jpg,489691,860,900,JPEG,97a38e8dc5045785d4d30a50143bd03c7ce1592e5ade7772fae05d622ab054e8,image_download_v1
CMA:163758,CMA,https://openaccess-cdn.clevelandart.org/2005.18/2005.18_web.jpg,available,downloaded,,,200,1,https://openaccess-cdn.clevelandart.org/2005.18/2005.18_web.jpg,image/jpeg,data/images/cma/CMA_163758.jpg,CMA_163758.jpg,897083,1263,822,JPEG,f507d70030ce409aa6b3acb7a8978ea4bab3bdff6581b590386008017f233655,image_download_v1
CMA:163781,CMA,https://openaccess-cdn.clevelandart.org/2005.19/2005.19_web.jpg,available,downloaded,,,200,1,https://openaccess-cdn.clevelandart.org/2005.19/2005.19_web.jpg,image/jpeg,data/images/cma/CMA_163781.jpg,CMA_163781.jpg,988142,1254,893,JPEG,7086e40ffc37f1687e1f039de2510465b40845dd924a68bfea9bf1f372e71343,image_download_v1
CMA:164419,CMA,https://openaccess-cdn.clevelandart.org/2005.5/2005.5_web.jpg,available,downloaded,,,200,1,https://openaccess-cdn.clevelandart.org/2005.5/2005.5_web.jpg,image/jpeg,data/images/cma/CMA_164419.jpg,CMA_164419.jpg,163951,900,538,JPEG,b1d732c460968e25b3338083c0a0543f75765692989a4110b1b3f46d811279b5,image_download_v1
CMA:164421,CMA,https://openaccess-cdn.clevelandart.org/2005.5.2/2005.5.2_web.jpg,available,downloaded,,,200,1,https://openaccess-cdn.clevelandart.org/2005.5.2/2005.5.2_web.jpg,image/jpeg,data/images/cma/CMA_164421.jpg,CMA_164421.jpg,217713,800,900,JPEG,8df41ff16ae86e0861527799886779c2016c4da1c569d93ad9399e517339dd00,image_download_v1
CMA:164428,CMA,https://openaccess-cdn.clevelandart.org/2005.53/2005.53_web.jpg,available,downloaded,,,200,1,https://openaccess-cdn.clevelandart.org/2005.53/2005.53_web.jpg,image/jpeg,data/images/cma/CMA_164428.jpg,CMA_164428.jpg,471613,900,750,JPEG,66f069807670a192f2f024c137fd0e1e258e6ea0dbc2fb39cc27802b927f84ba,image_download_v1
CMA:164429,CMA,https://openaccess-cdn.clevelandart.org/2005.53.a/2005.53.a_web.jpg,available,downloaded,,,200,1,https://openaccess-cdn.clevelandart.org/2005.53.a/2005.53.a_web.jpg,image/jpeg,data/images/cma/CMA_164429.jpg,CMA_164429.jpg,352734,539,900,JPEG,1d1a710b1547ecbc9db508d4c70c275f6111c8447c5a1399d03f3bead69ab622,image_download_v1
CMA:164430,CMA,https://openaccess-cdn.clevelandart.org/2005.53.b/2005.53.b_web.jpg,available,downloaded,,,200,1,https://openaccess-cdn.clevelandart.org/2005.53.b/2005.53.b_web.jpg,image/jpeg,data/images/cma/CMA_164430.jpg,CMA_164430.jpg,348478,543,900,JPEG,a07dd89d16e16340f0f54c867e2c247fc5b67f6531bcebdd89c70385726fe09a,image_download_v1
CMA:165184,CMA,https://openaccess-cdn.clevelandart.org/2007.179/2007.179_web.jpg,available,downloaded,,,200,1,https://openaccess-cdn.clevelandart.org/2007.179/2007.179_web.jpg,image/jpeg,data/images/cma/CMA_165184.jpg,CMA_165184.jpg,731117,915,893,JPEG,f2558f278ee7657c05fc3e5015219a4036b5694226ae9fb9e106d70f722636a1,image_download_v1
CMA:165266,CMA,https://openaccess-cdn.clevelandart.org/2007.2/2007.2_web.jpg,available,downloaded,,,200,1,https://openaccess-cdn.clevelandart.org/2007.2/2007.2_web.jpg,image/jpeg,data/images/cma/CMA_165266.jpg,CMA_165266.jpg,278824,606,900,JPEG,c9db7a0bcef53a510d8eeaea447f819a17c8f1a1912afee33073c1d6c10115e1,image_download_v1
CMA:165267,CMA,https://openaccess-cdn.clevelandart.org/2007.2.1/2007.2.1_web.jpg,available,downloaded,,,200,1,https://openaccess-cdn.clevelandart.org/2007.2.1/2007.2.1_web.jpg,image/jpeg,data/images/cma/CMA_165267.jpg,CMA_165267.jpg,278826,606,900,JPEG,6dfbd8304a13d947e79002e9c94a838b4233f7b80461fac24b53c4ca680685c1,image_download_v1
CMA:165268,CMA,https://openaccess-cdn.clevelandart.org/2007.2.2/2007.2.2_web.jpg,available,downloaded,,,200,1,https://openaccess-cdn.clevelandart.org/2007.2.2/2007.2.2_web.jpg,image/jpeg,data/images/cma/CMA_165268.jpg,CMA_165268.jpg,274769,633,900,JPEG,7bacf138eeb562fa3514b90f3e0895d68bd83c662e60bdd4669596ff040ead85,image_download_v1
CMA:165269,CMA,https://openaccess-cdn.clevelandart.org/2007.2.3/2007.2.3_web.jpg,available,downloaded,,,200,1,https://openaccess-cdn.clevelandart.org/2007.2.3/2007.2.3_web.jpg,image/jpeg,data/images/cma/CMA_165269.jpg,CMA_165269.jpg,334455,688,900,JPEG,66f4a98d1252319d2860b24902d4726f722e67a44cb82b5ff1a260f24c199bfa,image_download_v1
CMA:166766,CMA,https://openaccess-cdn.clevelandart.org/2008.58/2008.58_web.jpg,available,downloaded,,,200,1,https://openaccess-cdn.clevelandart.org/2008.58/2008.58_web.jpg,image/jpeg,data/images/cma/CMA_166766.jpg,CMA_166766.jpg,427571,768,893,JPEG,eedd6547e66bf8f737d7fa3ed405832282e166c5f5c3daba55b4b17d6fc70195,image_download_v1
CMA:169189,CMA,https://openaccess-cdn.clevelandart.org/2011.111.1/2011.111.1_web.jpg,available,downloaded,,,200,1,https://openaccess-cdn.clevelandart.org/2011.111.1/2011.111.1_web.jpg,image/jpeg,data/images/cma/CMA_169189.jpg,CMA_169189.jpg,96192,900,375,JPEG,0a9b576c0584f69c0d1cd9c86f2c054e4adf037202bbb6c3eb2f6b660382a770,image_download_v1
CMA:292530,CMA,https://openaccess-cdn.clevelandart.org/2016.267/2016.267_web.jpg,available,downloaded,,,200,1,https://openaccess-cdn.clevelandart.org/2016.267/2016.267_web.jpg,image/jpeg,data/images/cma/CMA_292530.jpg,CMA_292530.jpg,228253,900,592,JPEG,fcf80b339489ff5a3400e55e787674349a65f60700a677a91a60f9bef3ec1b94,image_download_v1
CMA:302272,CMA,https://openaccess-cdn.clevelandart.org/2017.193/2017.193_web.jpg,available,downloaded,,,200,1,https://openaccess-cdn.clevelandart.org/2017.193/2017.193_web.jpg,image/jpeg,data/images/cma/CMA_302272.jpg,CMA_302272.jpg,101778,900,342,JPEG,99d20c8bfa487722ce9e327d8efede0dc2abef4ff724d92fff186aa8f670f489,image_download_v1
MET:307449,MET,https://images.metmuseum.org/CRDImages/ao/original/50407.jpg,available,reused,,,0,0,,,data/images/met/MET_307449.jpg,MET_307449.jpg,3137432,2885,4000,JPEG,360891aab7e2bd6f6facdbbff6aab1eba05138c8be0016acf66dc9f35cdc538b,image_download_v1
MET:307677,MET,https://images.metmuseum.org/CRDImages/ao/original/DP18485.jpg,available,reused,,,0,0,,,data/images/met/MET_307677.jpg,MET_307677.jpg,1086856,1557,1989,JPEG,b5cf0bd25bcbd86e43a7b7a88477fd55cf73e453a8cccdf77473efe648dd1b77,image_download_v1
MET:307679,MET,https://images.metmuseum.org/CRDImages/ao/original/DP18487.jpg,available,reused,,,0,0,,,data/images/met/MET_307679.jpg,MET_307679.jpg,1142529,1557,1989,JPEG,f0cef19320e6d1503172829b60d4cece3cf1e9a02ffd7fd28b540630ca7da874,image_download_v1
MET:307682,MET,https://images.metmuseum.org/CRDImages/ao/original/DP170923.jpg,available,reused,,,0,0,,,data/images/met/MET_307682.jpg,MET_307682.jpg,1421598,835,4000,JPEG,2650946326265af363fb47ec372d087572a5009b1820a170c837c8a8a1281d56,image_download_v1
MET:307683,MET,https://images.metmuseum.org/CRDImages/ao/original/33.149.76-94.jpg,available,reused,,,0,0,,,data/images/met/MET_307683.jpg,MET_307683.jpg,781729,2272,1704,JPEG,b114767ca953ac1983c5da77005bda4f965331e7da51ff4c7df4b5df277e631a,image_download_v1
MET:307806,MET,https://images.metmuseum.org/CRDImages/ao/original/vs09_50_1085.jpg,available,downloaded,,,200,1,https://images.metmuseum.org/CRDImages/ao/original/vs09_50_1085.jpg,image/jpeg,data/images/met/MET_307806.jpg,MET_307806.jpg,275507,826,804,JPEG,5939bbe5b0c14833853279e0aebdcdbceecb5f0387ebd1d7a7c07289ac08f35e,image_download_v1
MET:307836,MET,https://images.metmuseum.org/CRDImages/ao/original/DP101287.jpg,available,downloaded,,,200,1,https://images.metmuseum.org/CRDImages/ao/original/DP101287.jpg,image/jpeg,data/images/met/MET_307836.jpg,MET_307836.jpg,909413,1899,1818,JPEG,95f0359a8e9bb314d7827dd50485159e28ca8f499206c9615d694a9aefbff795,image_download_v1
MET:307841,MET,https://images.metmuseum.org/CRDImages/ao/original/DP18589.jpg,available,downloaded,,,200,1,https://images.metmuseum.org/CRDImages/ao/original/DP18589.jpg,image/jpeg,data/images/met/MET_307841.jpg,MET_307841.jpg,491661,864,1926,JPEG,84e84bb8e12233d6c3793611e643fdb11a6fdd25e41bf5dac71b3e3e222cb26c,image_download_v1
MET:307842,MET,https://images.metmuseum.org/CRDImages/ao/original/DP18689.jpg,available,downloaded,,,200,1,https://images.metmuseum.org/CRDImages/ao/original/DP18689.jpg,image/jpeg,data/images/met/MET_307842.jpg,MET_307842.jpg,72165,335,700,JPEG,eede7613a16759f0fd71ae72c542c70618ecc9bfaa8ec2231dead38e69d499fc,image_download_v1
MET:307843,MET,https://images.metmuseum.org/CRDImages/ao/original/DP18590.jpg,available,downloaded,,,200,1,https://images.metmuseum.org/CRDImages/ao/original/DP18590.jpg,image/jpeg,data/images/met/MET_307843.jpg,MET_307843.jpg,512181,1251,1926,JPEG,03370ac6c83f98220f601ae2722891542604087cb3bf28d80753452ee387d319,image_download_v1
MET:307844,MET,https://images.metmuseum.org/CRDImages/ao/original/DP18605.jpg,available,downloaded,,,200,1,https://images.metmuseum.org/CRDImages/ao/original/DP18605.jpg,image/jpeg,data/images/met/MET_307844.jpg,MET_307844.jpg,574518,1197,1719,JPEG,4b593614b0e3292b3ef48b81c0fdbdc1b06c475390360a56ea6f1b1b1eab7f3b,image_download_v1
MET:307846,MET,https://images.metmuseum.org/CRDImages/ao/original/88392.jpg,available,downloaded,,,200,1,https://images.metmuseum.org/CRDImages/ao/original/88392.jpg,image/jpeg,data/images/met/MET_307846.jpg,MET_307846.jpg,2231364,2385,2220,JPEG,4bccc6bacfe89bddc149432e9f4e45c46ac19fc192203b103e3ad0cf22c507d0,image_download_v1
MET:307851,MET,https://images.metmuseum.org/CRDImages/ao/original/DP18456.jpg,available,downloaded,,,200,1,https://images.metmuseum.org/CRDImages/ao/original/DP18456.jpg,image/jpeg,data/images/met/MET_307851.jpg,MET_307851.jpg,798941,1377,1755,JPEG,769a0b5fa663f784d056be1ba48d21495bb346c95d5256fa34199360a2c6cb2d,image_download_v1
MET:307852,MET,https://images.metmuseum.org/CRDImages/ao/original/DP18481.jpg,available,downloaded,,,200,1,https://images.metmuseum.org/CRDImages/ao/original/DP18481.jpg,image/jpeg,data/images/met/MET_307852.jpg,MET_307852.jpg,942648,1395,1755,JPEG,0984a3ba086747b9f3b927f8dc433bfb0ca05077b5948b2470b14ae795a006cd,image_download_v1
MET:307853,MET,https://images.metmuseum.org/CRDImages/ao/original/DP18565.jpg,available,downloaded,,,200,1,https://images.metmuseum.org/CRDImages/ao/original/DP18565.jpg,image/jpeg,data/images/met/MET_307853.jpg,MET_307853.jpg,88202,680,523,JPEG,0bb64e12a64474f64b4994fcf62911faab059677fa86adb94fb7be0809364ea1,image_download_v1
MET:307933,MET,https://images.metmuseum.org/CRDImages/ao/original/LC-28_64_27_TMSa.jpg,available,downloaded,,,200,1,https://images.metmuseum.org/CRDImages/ao/original/LC-28_64_27_TMSa.jpg,image/jpeg,data/images/met/MET_307933.jpg,MET_307933.jpg,6609919,4000,2649,JPEG,242d939eec1bfaeecc38fbc6c6acfcee886b74a77f94c8d124ea2f8067ed4b3d,image_download_v1
MET:307940,MET,https://images.metmuseum.org/CRDImages/ao/original/72153.jpg,available,downloaded,,,200,1,https://images.metmuseum.org/CRDImages/ao/original/72153.jpg,image/jpeg,data/images/met/MET_307940.jpg,MET_307940.jpg,3558373,2209,2849,JPEG,8bc632283b80e74639a65cb61ec237de3a8a2d11613d56d74ee6896898b1a228,image_download_v1
MET:307941,MET,"https://images.metmuseum.org/CRDImages/ao/original/DP18687_28.171.4,1.jpg",available,downloaded,,,200,1,"https://images.metmuseum.org/CRDImages/ao/original/DP18687_28.171.4,1.jpg",image/jpeg,data/images/met/MET_307941.jpg,MET_307941.jpg,605322,1116,1863,JPEG,92a281bb3b61d950b84559455169ed6f78dc183a2fe45251fecb50fe4d4dfdc1,image_download_v1
MET:307943,MET,https://images.metmuseum.org/CRDImages/ao/original/DP101351.jpg,available,downloaded,,,200,1,https://images.metmuseum.org/CRDImages/ao/original/DP101351.jpg,image/jpeg,data/images/met/MET_307943.jpg,MET_307943.jpg,582767,1233,1908,JPEG,1afc32ba17e2f2a9f584c453f1e380054e2b4f34954fce442d3b26cf49dfb5ef,image_download_v1
MET:307944,MET,https://images.metmuseum.org/CRDImages/ao/original/LC-28_171_7_TMSa.jpg,available,downloaded,,,200,1,https://images.metmuseum.org/CRDImages/ao/original/LC-28_171_7_TMSa.jpg,image/jpeg,data/images/met/MET_307944.jpg,MET_307944.jpg,3656901,4000,2649,JPEG,a84c5d0263952f8f3dd96f597d3204d06b714d9653bb652900e87d397798f5b4,image_download_v1
MET:307950,MET,https://images.metmuseum.org/CRDImages/ao/original/DP233569.jpg,available,downloaded,,,200,1,https://images.metmuseum.org/CRDImages/ao/original/DP233569.jpg,image/jpeg,data/images/met/MET_307950.jpg,MET_307950.jpg,3626515,4000,3159,JPEG,8e78c9f8aea548a8b88bcdd52db4f32ec2a4d5712d7862e4591bb783d779b970,image_download_v1
MET:307953,MET,https://images.metmuseum.org/CRDImages/ao/original/DP18444.jpg,available,downloaded,,,200,1,https://images.metmuseum.org/CRDImages/ao/original/DP18444.jpg,image/jpeg,data/images/met/MET_307953.jpg,MET_307953.jpg,306800,2007,603,JPEG,8d2885bf559281f75f8798add35fdcb3ffbcbaddb3a031a541262d88d58cfe43,image_download_v1
MET:307959,MET,https://images.metmuseum.org/CRDImages/ao/original/29.146.8.jpg,available,downloaded,,,200,1,https://images.metmuseum.org/CRDImages/ao/original/29.146.8.jpg,image/jpeg,data/images/met/MET_307959.jpg,MET_307959.jpg,197987,2270,378,JPEG,1fc38614bf907049c66b46fd47537069b742f88b373fc96b7d8fc4f6929db5f9,image_download_v1
MET:307960,MET,https://images.metmuseum.org/CRDImages/ao/original/29.146.9.jpg,available,downloaded,,,200,1,https://images.metmuseum.org/CRDImages/ao/original/29.146.9.jpg,image/jpeg,data/images/met/MET_307960.jpg,MET_307960.jpg,397327,2151,615,JPEG,a541a2f127287d2f89807129e91b0e9becc93031d4801d4b4b427f840ee8fbf3,image_download_v1
MET:307961,MET,https://images.metmuseum.org/CRDImages/ao/original/75153.jpg,available,downloaded,,,200,1,https://images.metmuseum.org/CRDImages/ao/original/75153.jpg,image/jpeg,data/images/met/MET_307961.jpg,MET_307961.jpg,1363691,1369,2905,JPEG,f2c4999176b3f0d8f0e86985c1c9eb11134dab41f0241b031fb7232413609ae4,image_download_v1
MET:307962,MET,https://images.metmuseum.org/CRDImages/ao/original/29.146.11.jpg,available,downloaded,,,200,1,https://images.metmuseum.org/CRDImages/ao/original/29.146.11.jpg,image/jpeg,data/images/met/MET_307962.jpg,MET_307962.jpg,837501,1710,1581,JPEG,f502a68315f0fa0145e2e9981120b77a79fbdb7d1836d72cb8e66fae0cd4dbd5,image_download_v1
MET:307963,MET,https://images.metmuseum.org/CRDImages/ao/original/DP18609.jpg,available,downloaded,,,200,1,https://images.metmuseum.org/CRDImages/ao/original/DP18609.jpg,image/jpeg,data/images/met/MET_307963.jpg,MET_307963.jpg,533963,1242,1791,JPEG,bfec0297b06011b8e196def54b1b5d806383caa03406a0c0cb89a3c960ef1be0,image_download_v1
MET:307964,MET,https://images.metmuseum.org/CRDImages/ao/original/DP18634.jpg,available,downloaded,,,200,1,https://images.metmuseum.org/CRDImages/ao/original/DP18634.jpg,image/jpeg,data/images/met/MET_307964.jpg,MET_307964.jpg,134321,1935,414,JPEG,1e87b40b54752cb0cda25c39b375478a1139f944bbefa4ecb18e32da0c431ee1,image_download_v1
MET:307965,MET,https://images.metmuseum.org/CRDImages/ao/original/DP18634.jpg,available,downloaded,,,200,1,https://images.metmuseum.org/CRDImages/ao/original/DP18634.jpg,image/jpeg,data/images/met/MET_307965.jpg,MET_307965.jpg,125086,1935,414,JPEG,c60b76990f1dc4c369dda5b9c02dcaf2aa305769442ae6ffc68a5b5a1d49e157,image_download_v1
MET:307966,MET,https://images.metmuseum.org/CRDImages/ao/original/29.146.14 -15.jpg,available,downloaded,,,200,1,https://images.metmuseum.org/CRDImages/ao/original/29.146.14%20-15.jpg,image/jpeg,data/images/met/MET_307966.jpg,MET_307966.jpg,320808,2253,636,JPEG,a12ec73e784d865c76f052dabfc6d9c7763f123d51e4e74dfe04fa9d4dc4c6b1,image_download_v1
MET:307967,MET,https://images.metmuseum.org/CRDImages/ao/original/29.146.14 -15.jpg,available,downloaded,,,200,1,https://images.metmuseum.org/CRDImages/ao/original/29.146.14%20-15.jpg,image/jpeg,data/images/met/MET_307967.jpg,MET_307967.jpg,313271,2253,636,JPEG,9600ea4abae3d79807d59a7e7cc3d1113fe5fa12e6117084f7984661cb93dad1,image_download_v1
MET:307968,MET,https://images.metmuseum.org/CRDImages/ao/original/29.146.16.jpg,available,downloaded,,,200,1,https://images.metmuseum.org/CRDImages/ao/original/29.146.16.jpg,image/jpeg,data/images/met/MET_307968.jpg,MET_307968.jpg,324222,2267,495,JPEG,09bf5f75e8af3f04260bef8dc0367e1491b3b49db4915bf67233956455b78ae4,image_download_v1
MET:307972,MET,https://images.metmuseum.org/CRDImages/ao/original/DP18617.jpg,available,downloaded,,,200,1,https://images.metmuseum.org/CRDImages/ao/original/DP18617.jpg,image/jpeg,data/images/met/MET_307972.jpg,MET_307972.jpg,416636,603,1917,JPEG,3cc3e03475ea1fc59d9fc520d0d968347e5e26e540f95d5a0c680ebe64d84f7b,image_download_v1
MET:307975,MET,https://images.metmuseum.org/CRDImages/ao/original/DT829.jpg,available,downloaded,,,200,1,https://images.metmuseum.org/CRDImages/ao/original/DT829.jpg,image/jpeg,data/images/met/MET_307975.jpg,MET_307975.jpg,1672392,1905,961,JPEG,1128561054aac6a3f365842747b711bb175366ae7b8106d60ae6913d89fa8900,image_download_v1
MET:307991,MET,https://images.metmuseum.org/CRDImages/ao/original/77991.jpg,available,downloaded,,,200,1,https://images.metmuseum.org/CRDImages/ao/original/77991.jpg,image/jpeg,data/images/met/MET_307991.jpg,MET_307991.jpg,2260671,2145,2929,JPEG,11457bfa28be398b92ed1bd00d8a8fd89463a9d212b552c0f7201ba46e34240c,image_download_v1
MET:308015,MET,https://images.metmuseum.org/CRDImages/ao/original/DP18635.jpg,available,downloaded,,,200,1,https://images.metmuseum.org/CRDImages/ao/original/DP18635.jpg,image/jpeg,data/images/met/MET_308015.jpg,MET_308015.jpg,788657,1485,1863,JPEG,513866aaa8abd356e2f7c2d2259a93c524ff48733ef6c6a3d73fa0775fa916eb,image_download_v1
MET:308016,MET,https://images.metmuseum.org/CRDImages/ao/original/DP18620.jpg,available,downloaded,,,200,1,https://images.metmuseum.org/CRDImages/ao/original/DP18620.jpg,image/jpeg,data/images/met/MET_308016.jpg,MET_308016.jpg,999707,1404,1881,JPEG,f545e29103ab6ec29e709513d14a4f3132fa83c4e1524c4805c35546ae9ab1d5,image_download_v1
MET:308017,MET,https://images.metmuseum.org/CRDImages/ao/original/DP18640.jpg,available,downloaded,,,200,1,https://images.metmuseum.org/CRDImages/ao/original/DP18640.jpg,image/jpeg,data/images/met/MET_308017.jpg,MET_308017.jpg,1004283,1683,1863,JPEG,362eac22d76f4f363c6eea3f505104a739637d6bb99ebceebcc4bd911aea34cf,image_download_v1
MET:308021,MET,https://images.metmuseum.org/CRDImages/ao/original/DP18587_32.32.8.jpg,available,downloaded,,,200,1,https://images.metmuseum.org/CRDImages/ao/original/DP18587_32.32.8.jpg,image/jpeg,data/images/met/MET_308021.jpg,MET_308021.jpg,422608,882,1710,JPEG,ac18c36d44058dea86b89cb46d89dd9aee1bb7142be3d0c720f75c64aa7c7319,image_download_v1
MET:308022,MET,https://images.metmuseum.org/CRDImages/ao/original/DP-26534-001.jpg,available,downloaded,,,200,1,https://images.metmuseum.org/CRDImages/ao/original/DP-26534-001.jpg,image/jpeg,data/images/met/MET_308022.jpg,MET_308022.jpg,2927269,3031,4000,JPEG,efbcbdcadee0e8ebe860c95eefd65f9a9353aea65c3c764728080e6980be8326,image_download_v1
MET:308023,MET,https://images.metmuseum.org/CRDImages/ao/original/DP18585_32.32.10.jpg,available,downloaded,,,200,1,https://images.metmuseum.org/CRDImages/ao/original/DP18585_32.32.10.jpg,image/jpeg,data/images/met/MET_308023.jpg,MET_308023.jpg,597680,1071,1953,JPEG,cd16de6c5df299e9ccefd1be34c08f7ade8895687daf66ea96d42a5dc77d0625,image_download_v1
MET:308024,MET,https://images.metmuseum.org/CRDImages/ao/original/DP-26535-001.jpg,available,downloaded,,,200,1,https://images.metmuseum.org/CRDImages/ao/original/DP-26535-001.jpg,image/jpeg,data/images/met/MET_308024.jpg,MET_308024.jpg,3371867,2658,4000,JPEG,f606dbfb02ac17a1cf5b703adbf4a829869c549f8300f973767bb9fc04f7a00f,image_download_v1
MET:308025,MET,https://images.metmuseum.org/CRDImages/ao/original/DP18593.jpg,available,downloaded,,,200,1,https://images.metmuseum.org/CRDImages/ao/original/DP18593.jpg,image/jpeg,data/images/met/MET_308025.jpg,MET_308025.jpg,422388,729,1719,JPEG,f0100c9be42fa9ca23cf6eed86098de9d352bfb122b86bd5a8b6b37294c3ad80,image_download_v1
MET:308026,MET,https://images.metmuseum.org/CRDImages/ao/original/DP18586_32.32.13.jpg,available,downloaded,,,200,1,https://images.metmuseum.org/CRDImages/ao/original/DP18586_32.32.13.jpg,image/jpeg,data/images/met/MET_308026.jpg,MET_308026.jpg,520858,936,1953,JPEG,b8b82e5f4915fedcd6cfcf1ba99373df3ebfd480bdc4c9c6cd34f82263b41215,image_download_v1
MET:308027,MET,https://images.metmuseum.org/CRDImages/ao/original/DP18600.jpg,available,downloaded,,,200,1,https://images.metmuseum.org/CRDImages/ao/original/DP18600.jpg,image/jpeg,data/images/met/MET_308027.jpg,MET_308027.jpg,493878,900,1854,JPEG,a4f576d4adb11f6b784cb184ec269db466897c57635cb58badf3032dabc7521f,image_download_v1
MET:308028,MET,https://images.metmuseum.org/CRDImages/ao/original/DP18595.jpg,available,downloaded,,,200,1,https://images.metmuseum.org/CRDImages/ao/original/DP18595.jpg,image/jpeg,data/images/met/MET_308028.jpg,MET_308028.jpg,610929,1206,1683,JPEG,96feb6ad328d0a73ed9b7570e668ad12b14f2f81bd4e6305e931f8ad21a6f6e9,image_download_v1
MET:308029,MET,https://images.metmuseum.org/CRDImages/ao/original/DP18594.jpg,available,downloaded,,,200,1,https://images.metmuseum.org/CRDImages/ao/original/DP18594.jpg,image/jpeg,data/images/met/MET_308029.jpg,MET_308029.jpg,617742,990,1899,JPEG,0b74fd45bbe3c2b8d14245ea5c2d35f8edc8085de04bc73f3e4148ac45594e23,image_download_v1
MET:308034,MET,https://images.metmuseum.org/CRDImages/ao/original/DP18571.jpg,available,downloaded,,,200,1,https://images.metmuseum.org/CRDImages/ao/original/DP18571.jpg,image/jpeg,data/images/met/MET_308034.jpg,MET_308034.jpg,80323,680,432,JPEG,5d232eee6df584c3714ed3390a545fced50f90f3bb344dedf5a827af873eb90f,image_download_v1
MET:308035,MET,https://images.metmuseum.org/CRDImages/ao/original/DP18570.jpg,available,downloaded,,,200,1,https://images.metmuseum.org/CRDImages/ao/original/DP18570.jpg,image/jpeg,data/images/met/MET_308035.jpg,MET_308035.jpg,65568,275,700,JPEG,21026901ad0baa960c6b2d6dc1fe01beab0c9975e6c498c117d781541b6a23ac,image_download_v1
MET:308036,MET,https://images.metmuseum.org/CRDImages/ao/original/33.149.1-67-70-76.jpg,available,downloaded,,,200,1,https://images.metmuseum.org/CRDImages/ao/original/33.149.1-67-70-76.jpg,image/jpeg,data/images/met/MET_308036.jpg,MET_308036.jpg,582762,2258,1608,JPEG,8b4fa5bf3501b039979553177b268d7f966761b37edcb64a39f1a2b75dd8d8b4,image_download_v1
MET:308037,MET,https://images.metmuseum.org/CRDImages/ao/original/DP18551.jpg,available,downloaded,,,200,1,https://images.metmuseum.org/CRDImages/ao/original/DP18551.jpg,image/jpeg,data/images/met/MET_308037.jpg,MET_308037.jpg,28176,122,700,JPEG,8b8dfeec32eec9f4331b0ee48d0996e48791463e63b57c60a0bc1f81c5de6e92,image_download_v1
MET:308039,MET,https://images.metmuseum.org/CRDImages/ao/original/DP18447.jpg,available,downloaded,,,200,1,https://images.metmuseum.org/CRDImages/ao/original/DP18447.jpg,image/jpeg,data/images/met/MET_308039.jpg,MET_308039.jpg,1301559,2016,1755,JPEG,34031cbd7099c5e0feefb1ed296be6e849fd9842539b984db3cf998cf648e9d9,image_download_v1
MET:308040,MET,https://images.metmuseum.org/CRDImages/ao/original/DP18451.jpg,available,downloaded,,,200,1,https://images.metmuseum.org/CRDImages/ao/original/DP18451.jpg,image/jpeg,data/images/met/MET_308040.jpg,MET_308040.jpg,1276657,2016,1755,JPEG,b69c72d43538850c06a32f6fd9885b82e8a54d150daa64fa918f294b198d6945,image_download_v1
MET:308042,MET,https://images.metmuseum.org/CRDImages/ao/original/TP391.jpg,available,downloaded,,,200,1,https://images.metmuseum.org/CRDImages/ao/original/TP391.jpg,image/jpeg,data/images/met/MET_308042.jpg,MET_308042.jpg,2851520,2000,1279,JPEG,08f562de09083c2a9cd5bce3b6645fe84e2ef769b74666d693bbd1e532a5c382,image_download_v1
MET:308044,MET,https://images.metmuseum.org/CRDImages/ao/original/DP18526.jpg,available,downloaded,,,200,1,https://images.metmuseum.org/CRDImages/ao/original/DP18526.jpg,image/jpeg,data/images/met/MET_308044.jpg,MET_308044.jpg,36665,150,700,JPEG,1df8c6c67e95c9824e934492af03c5d1ac7fe2e65a355f7c50b37029ed9067a0,image_download_v1
MET:308046,MET,https://images.metmuseum.org/CRDImages/ao/original/DP18569.jpg,available,downloaded,,,200,1,https://images.metmuseum.org/CRDImages/ao/original/DP18569.jpg,image/jpeg,data/images/met/MET_308046.jpg,MET_308046.jpg,547245,1585,700,JPEG,4d8a2779b03d25a1c7c033fb91cfb66f095faab7ed581596b9a933cb6a9a47cf,image_download_v1
MET:308048,MET,https://images.metmuseum.org/CRDImages/ao/original/DP18558.jpg,available,downloaded,,,200,1,https://images.metmuseum.org/CRDImages/ao/original/DP18558.jpg,image/jpeg,data/images/met/MET_308048.jpg,MET_308048.jpg,95210,385,700,JPEG,9e41c11cb9814ccc632ba6ffce6c99ef35ffc4e60c207be58fc4aeaf78dd097d,image_download_v1
MET:308053,MET,https://images.metmuseum.org/CRDImages/ao/original/DP18553.jpg,available,downloaded,,,200,1,https://images.metmuseum.org/CRDImages/ao/original/DP18553.jpg,image/jpeg,data/images/met/MET_308053.jpg,MET_308053.jpg,111559,466,700,JPEG,597d1119c44d18125b021ce201506f729a2d5022d30010852dc65c728fd0f638,image_download_v1
MET:308056,MET,https://images.metmuseum.org/CRDImages/ao/original/DP18567.jpg,available,downloaded,,,200,1,https://images.metmuseum.org/CRDImages/ao/original/DP18567.jpg,image/jpeg,data/images/met/MET_308056.jpg,MET_308056.jpg,114327,496,700,JPEG,99ce6d9051d7c90ff79ae66b788224dfbd0f99631c26c32b345c97025b16cf9c,image_download_v1
MET:308057,MET,https://images.metmuseum.org/CRDImages/ao/original/DP18568.jpg,available,downloaded,,,200,1,https://images.metmuseum.org/CRDImages/ao/original/DP18568.jpg,image/jpeg,data/images/met/MET_308057.jpg,MET_308057.jpg,114168,496,700,JPEG,96bc60352b037dd571fa1fcaa4b073d5c6aaa4123faf27ea0f19233da1c88022,image_download_v1
MET:308058,MET,https://images.metmuseum.org/CRDImages/ao/original/DP18549.jpg,available,downloaded,,,200,1,https://images.metmuseum.org/CRDImages/ao/original/DP18549.jpg,image/jpeg,data/images/met/MET_308058.jpg,MET_308058.jpg,82695,680,445,JPEG,941d982c4939af91a7936842c9fcbe0cdcf245b041eeb27e564a8deb54270591,image_download_v1
MET:308060,MET,https://images.metmuseum.org/CRDImages/ao/original/DP18547.jpg,available,downloaded,,,200,1,https://images.metmuseum.org/CRDImages/ao/original/DP18547.jpg,image/jpeg,data/images/met/MET_308060.jpg,MET_308060.jpg,58280,275,700,JPEG,0d6711ed8272845089d9383250df1d8240a293d288c9e322837e64c6f60b555b,image_download_v1
MET:308068,MET,https://images.metmuseum.org/CRDImages/ao/original/DP18539.jpg,available,downloaded,,,200,1,https://images.metmuseum.org/CRDImages/ao/original/DP18539.jpg,image/jpeg,data/images/met/MET_308068.jpg,MET_308068.jpg,56437,246,700,JPEG,601feb31a3a7481cb1bc97f2bd031f353e170a224a699eae1278b188fc6611cc,image_download_v1
MET:308070,MET,https://images.metmuseum.org/CRDImages/ao/original/DP18537.jpg,available,downloaded,,,200,1,https://images.metmuseum.org/CRDImages/ao/original/DP18537.jpg,image/jpeg,data/images/met/MET_308070.jpg,MET_308070.jpg,93743,492,700,JPEG,22a429ee24a133907907f16ce7b406169091fb603a035459ef02b82ad3954f70,image_download_v1
MET:308072,MET,https://images.metmuseum.org/CRDImages/ao/original/DP18535.jpg,available,downloaded,,,200,1,https://images.metmuseum.org/CRDImages/ao/original/DP18535.jpg,image/jpeg,data/images/met/MET_308072.jpg,MET_308072.jpg,99496,492,700,JPEG,87253940077039ec393953f7c35aa52a31be8b3f169911e83bb63d0a0d20ea2b,image_download_v1
MET:308076,MET,https://images.metmuseum.org/CRDImages/ao/original/33.149.41.jpg,available,downloaded,,,200,1,https://images.metmuseum.org/CRDImages/ao/original/33.149.41.jpg,image/jpeg,data/images/met/MET_308076.jpg,MET_308076.jpg,1071328,2272,1704,JPEG,669dd515160d271e2ed65f4a466f44ca60d93e22640b73cacbc2c757c6d4f2e1,image_download_v1
MET:308077,MET,https://images.metmuseum.org/CRDImages/ao/original/DP18450.jpg,available,downloaded,,,200,1,https://images.metmuseum.org/CRDImages/ao/original/DP18450.jpg,image/jpeg,data/images/met/MET_308077.jpg,MET_308077.jpg,1139882,1647,1881,JPEG,4940d2f3e8028934c13374503aa83c81b16071ec72f7ddaa228eb065ffa84065,image_download_v1
MET:308078,MET,https://images.metmuseum.org/CRDImages/ao/original/DP-27315-001.jpg,available,downloaded,,,200,1,https://images.metmuseum.org/CRDImages/ao/original/DP-27315-001.jpg,image/jpeg,data/images/met/MET_308078.jpg,MET_308078.jpg,2338959,1063,4000,JPEG,fb560fd55db8e4beb224c6ac5d851bda7957157fee37f9431776ee0d6a5e5662,image_download_v1
MET:308079,MET,https://images.metmuseum.org/CRDImages/ao/original/DP18702_33.149.44.jpg,available,downloaded,,,200,1,https://images.metmuseum.org/CRDImages/ao/original/DP18702_33.149.44.jpg,image/jpeg,data/images/met/MET_308079.jpg,MET_308079.jpg,692553,1296,1827,JPEG,59e42a4de71dfdf7b235ad8f294a2e03b9db0a78435ec42e2dbfeb7d0adbdb5b,image_download_v1
MET:308083,MET,https://images.metmuseum.org/CRDImages/ao/original/DP101353.jpg,available,downloaded,,,200,1,https://images.metmuseum.org/CRDImages/ao/original/DP101353.jpg,image/jpeg,data/images/met/MET_308083.jpg,MET_308083.jpg,628690,1755,1341,JPEG,c72bd489b60e9e6282611ecb29c041f0ba2eeced8d51f86341d02410c22754c7,image_download_v1
MET:308084,MET,https://images.metmuseum.org/CRDImages/ao/original/97502.jpg,available,downloaded,,,200,1,https://images.metmuseum.org/CRDImages/ao/original/97502.jpg,image/jpeg,data/images/met/MET_308084.jpg,MET_308084.jpg,42580,170,728,JPEG,281fb87b938cdca36f41a55640db4a575e89c0b32c1e5afc00fd2e83c13e6882,image_download_v1
MET:308098,MET,https://images.metmuseum.org/CRDImages/ao/original/DP18454.jpg,available,downloaded,,,200,1,https://images.metmuseum.org/CRDImages/ao/original/DP18454.jpg,image/jpeg,data/images/met/MET_308098.jpg,MET_308098.jpg,727505,1377,1647,JPEG,5c20afa46a72d80add3a956969a0ea27aae4dc7d3ee9d4363019158aa1fa4453,image_download_v1
MET:308100,MET,https://images.metmuseum.org/CRDImages/ao/original/DP18575_33.149.70.jpg,available,downloaded,,,200,1,https://images.metmuseum.org/CRDImages/ao/original/DP18575_33.149.70.jpg,image/jpeg,data/images/met/MET_308100.jpg,MET_308100.jpg,262544,747,792,JPEG,44d0885ba690ce1ec86dad1e29faacd72c68e59df3242511693a0f20c5d38d93,image_download_v1
MET:308101,MET,https://images.metmuseum.org/CRDImages/ao/original/DP18482.jpg,available,downloaded,,,200,1,https://images.metmuseum.org/CRDImages/ao/original/DP18482.jpg,image/jpeg,data/images/met/MET_308101.jpg,MET_308101.jpg,1136002,1557,1989,JPEG,d188363589187f7888c6e2d572e8cc258963479cb6144f7c564b4334e1023a03,image_download_v1
MET:308105,MET,https://images.metmuseum.org/CRDImages/ao/original/DP18461.jpg,available,downloaded,,,200,1,https://images.metmuseum.org/CRDImages/ao/original/DP18461.jpg,image/jpeg,data/images/met/MET_308105.jpg,MET_308105.jpg,966459,1440,1746,JPEG,87b0f6fa13979fdc6a3e5b0e62c65734968cdc11fd4cc1d9f877bb3275adb1eb,image_download_v1
MET:308106,MET,https://images.metmuseum.org/CRDImages/ao/original/33.149.1-67-70-76.jpg,available,downloaded,,,200,1,https://images.metmuseum.org/CRDImages/ao/original/33.149.1-67-70-76.jpg,image/jpeg,data/images/met/MET_308106.jpg,MET_308106.jpg,569635,2258,1608,JPEG,91fd098151bec81cf3dd5a42d6a7579ede099573353c13e22201d03aa0f86491,image_download_v1
MET:308113,MET,https://images.metmuseum.org/CRDImages/ao/original/DP18528.jpg,available,downloaded,,,200,1,https://images.metmuseum.org/CRDImages/ao/original/DP18528.jpg,image/jpeg,data/images/met/MET_308113.jpg,MET_308113.jpg,105542,519,700,JPEG,39ea4cb8a166d929c8faf156db3d5df3d6373729a527476e66554a577fd7130d,image_download_v1
MET:308120,MET,https://images.metmuseum.org/CRDImages/ao/original/DP-26536-001.jpg,available,downloaded,,,200,1,https://images.metmuseum.org/CRDImages/ao/original/DP-26536-001.jpg,image/jpeg,data/images/met/MET_308120.jpg,MET_308120.jpg,6928311,3452,4000,JPEG,29e7b45d0b103db5a609dcfe11f6e80f9e16bd74221597f59ca4ba0e78f9299d,image_download_v1
MET:308282,MET,https://images.metmuseum.org/CRDImages/ao/original/TP410.jpg,available,downloaded,,,200,1,https://images.metmuseum.org/CRDImages/ao/original/TP410.jpg,image/jpeg,data/images/met/MET_308282.jpg,MET_308282.jpg,1655295,2000,616,JPEG,667abcac1a9c5b41e6eb005e75f9c9424841587df71e6d38f14cd1d08d7bd8ab,image_download_v1
MET:308283,MET,https://images.metmuseum.org/CRDImages/ao/original/DP221260.jpg,available,downloaded,,,200,1,https://images.metmuseum.org/CRDImages/ao/original/DP221260.jpg,image/jpeg,data/images/met/MET_308283.jpg,MET_308283.jpg,5735826,4000,3370,JPEG,c01ce4047b9e23990e5cac54685b65fca38c821e6b43c77aebeba76b033c7e95,image_download_v1
MET:308284,MET,https://images.metmuseum.org/CRDImages/ao/original/169776.jpg,available,downloaded,,,200,1,https://images.metmuseum.org/CRDImages/ao/original/169776.jpg,image/jpeg,data/images/met/MET_308284.jpg,MET_308284.jpg,2787452,2104,3753,JPEG,ee466b3ee48a4fea1dfed69d53b521108c8638b17f4a7bb866393a1f36f8f4d5,image_download_v1
MET:308285,MET,https://images.metmuseum.org/CRDImages/ao/original/169777.jpg,available,downloaded,,,200,1,https://images.metmuseum.org/CRDImages/ao/original/169777.jpg,image/jpeg,data/images/met/MET_308285.jpg,MET_308285.jpg,5276391,3429,3688,JPEG,c81e9600aa38a7908b5c38f1b4ffa98f5b785a1ed0385523846b564c00805fd5,image_download_v1
MET:308290,MET,https://images.metmuseum.org/CRDImages/ao/original/175775.jpg,available,downloaded,,,200,1,https://images.metmuseum.org/CRDImages/ao/original/175775.jpg,image/jpeg,data/images/met/MET_308290.jpg,MET_308290.jpg,2740353,2193,2745,JPEG,fea314c69a2bd67fb59e5837930aa2ab2e77a482f62b6c6efac9eee4278f7098,image_download_v1
MET:309528,MET,https://images.metmuseum.org/CRDImages/ao/original/189514.jpg,available,downloaded,,,200,1,https://images.metmuseum.org/CRDImages/ao/original/189514.jpg,image/jpeg,data/images/met/MET_309528.jpg,MET_309528.jpg,1996159,3857,1441,JPEG,0dd9d16dc4a967797dfb1f2fec43bcb3ba8ebfd3c23e01f95d0b8656383a5e48,image_download_v1
MET:310059,MET,https://images.metmuseum.org/CRDImages/ao/original/vs1978_412_13.jpg,available,downloaded,,,200,1,https://images.metmuseum.org/CRDImages/ao/original/vs1978_412_13.jpg,image/jpeg,data/images/met/MET_310059.jpg,MET_310059.jpg,740123,1700,1466,JPEG,1d7e5802d28319aa142be896c0eb2f02c13d7255fc7be485d45d634451921d4f,image_download_v1
MET:310511,MET,https://images.metmuseum.org/CRDImages/ao/original/SC207345.jpg,available,downloaded,,,200,1,https://images.metmuseum.org/CRDImages/ao/original/SC207345.jpg,image/jpeg,data/images/met/MET_310511.jpg,MET_310511.jpg,75004,768,512,JPEG,64194c1696e543f86670421f03510fbe67d5fe54a62440fe53be9e3a77d1ab2c,image_download_v1
MET:310695,MET,https://images.metmuseum.org/CRDImages/ao/original/221102.jpg,available,downloaded,,,200,1,https://images.metmuseum.org/CRDImages/ao/original/221102.jpg,image/jpeg,data/images/met/MET_310695.jpg,MET_310695.jpg,3700180,2257,2945,JPEG,62fd8888ebeacc82c663df0d480c29bc4cd7fefa08f8d9876c7d1147f2c3362a,image_download_v1
MET:310697,MET,https://images.metmuseum.org/CRDImages/ao/original/221104.jpg,available,downloaded,,,200,1,https://images.metmuseum.org/CRDImages/ao/original/221104.jpg,image/jpeg,data/images/met/MET_310697.jpg,MET_310697.jpg,2891663,2809,2161,JPEG,c74a3feb76e69b4e2395e3762c9d49d04aa27c5edded3b7cf8a9a70cc51f82f5,image_download_v1
MET:310698,MET,https://images.metmuseum.org/CRDImages/ao/original/DP-26537-001.jpg,available,downloaded,,,200,1,https://images.metmuseum.org/CRDImages/ao/original/DP-26537-001.jpg,image/jpeg,data/images/met/MET_310698.jpg,MET_310698.jpg,6558661,4000,3753,JPEG,5938b910ebff31cfa9d3a2bb911891632eb3b0f6fd9ece299fba289982f92407,image_download_v1
MET:310699,MET,https://images.metmuseum.org/CRDImages/ao/original/221106.jpg,available,downloaded,,,200,1,https://images.metmuseum.org/CRDImages/ao/original/221106.jpg,image/jpeg,data/images/met/MET_310699.jpg,MET_310699.jpg,2477675,2201,2393,JPEG,d27deab5479122c768de0c86df3b51aa36eafaca1fe3be75595c2bbb9d39e582,image_download_v1
MET:312614,MET,https://images.metmuseum.org/CRDImages/ao/original/TP411.jpg,available,downloaded,,,200,1,https://images.metmuseum.org/CRDImages/ao/original/TP411.jpg,image/jpeg,data/images/met/MET_312614.jpg,MET_312614.jpg,2239312,952,2000,JPEG,319832f962c2e103682c6386a72396979520712525eac778e560e4369f212beb,image_download_v1
MET:312615,MET,https://images.metmuseum.org/CRDImages/ao/original/TP412.jpg,available,downloaded,,,200,1,https://images.metmuseum.org/CRDImages/ao/original/TP412.jpg,image/jpeg,data/images/met/MET_312615.jpg,MET_312615.jpg,3040822,1213,2000,JPEG,0cd6d3bb0a50e4356b928d034dc2298b1cd2cd030e04b4b17b67711d283cbe95,image_download_v1
MET:312669,MET,https://images.metmuseum.org/CRDImages/ao/original/1979_206_459_EX_01.jpg,available,downloaded,,,200,1,https://images.metmuseum.org/CRDImages/ao/original/1979_206_459_EX_01.jpg,image/jpeg,data/images/met/MET_312669.jpg,MET_312669.jpg,3283680,4759,2686,JPEG,4434b9a4ea7579838371a5e0e49eeff92f3e0db161ede33c1c8e135f559bbf57,image_download_v1
MET:313121,MET,https://images.metmuseum.org/CRDImages/ao/original/222448.jpg,available,downloaded,,,200,1,https://images.metmuseum.org/CRDImages/ao/original/222448.jpg,image/jpeg,data/images/met/MET_313121.jpg,MET_313121.jpg,1161383,849,2961,JPEG,72fa9a0efeaa91b9ee45c330edd7cf36703151120f11b63e59ac6fe46b51d5d4,image_download_v1
MET:313152,MET,https://images.metmuseum.org/CRDImages/ao/original/DP244273.jpg,available,downloaded,,,200,1,https://images.metmuseum.org/CRDImages/ao/original/DP244273.jpg,image/jpeg,data/images/met/MET_313152.jpg,MET_313152.jpg,3338220,4000,3000,JPEG,ecb0a3f30dd42e33551b0fada9672504c60363e6b68e51938cd481836844529a,image_download_v1
MET:313153,MET,https://images.metmuseum.org/CRDImages/ao/original/DP-39316-001.jpg,available,downloaded,,,200,1,https://images.metmuseum.org/CRDImages/ao/original/DP-39316-001.jpg,image/jpeg,data/images/met/MET_313153.jpg,MET_313153.jpg,2516077,4000,1728,JPEG,1f93f5b8c6d52ecdc78d2cedc9a150ea4aa6021615bc0284396df7bb4116373e,image_download_v1
MET:313324,MET,https://images.metmuseum.org/CRDImages/ao/original/1979.206.1131_a.jpg,available,downloaded,,,200,1,https://images.metmuseum.org/CRDImages/ao/original/1979.206.1131_a.jpg,image/jpeg,data/images/met/MET_313324.jpg,MET_313324.jpg,83456,600,778,JPEG,b5a530c6a1cd641926621f9ee7394c128065d9f10e09e99daecfce1ffdf56d05,image_download_v1
MET:314363,MET,https://images.metmuseum.org/CRDImages/ao/original/DP221262.jpg,available,downloaded,,,200,1,https://images.metmuseum.org/CRDImages/ao/original/DP221262.jpg,image/jpeg,data/images/met/MET_314363.jpg,MET_314363.jpg,3697537,4000,3099,JPEG,266cbf89a2f1374c536549fa86141a8cc83132f6595b49fb9a02dbf10eb5a5d4,image_download_v1
MET:314528,MET,https://images.metmuseum.org/CRDImages/ao/original/DP107698.jpg,available,downloaded,,,200,1,https://images.metmuseum.org/CRDImages/ao/original/DP107698.jpg,image/jpeg,data/images/met/MET_314528.jpg,MET_314528.jpg,2363252,3427,3823,JPEG,bf26fc22c5835ea6dd68a546e8a6d9dc5de4bceb542179bd3d961f549af544ac,image_download_v1
MET:315690,MET,https://images.metmuseum.org/CRDImages/ao/original/DP18706_1987.394.642.jpg,available,downloaded,,,200,1,https://images.metmuseum.org/CRDImages/ao/original/DP18706_1987.394.642.jpg,image/jpeg,data/images/met/MET_315690.jpg,MET_315690.jpg,737514,1530,1872,JPEG,daf5d2d02d4cdc7e26bf5d3345f1b8e9d15cb0c8bbd73a38f41d2825f77a7f02,image_download_v1
MET:315700,MET,https://images.metmuseum.org/CRDImages/ao/original/DP-26541-001.jpg,available,downloaded,,,200,1,https://images.metmuseum.org/CRDImages/ao/original/DP-26541-001.jpg,image/jpeg,data/images/met/MET_315700.jpg,MET_315700.jpg,3008757,2345,4000,JPEG,aa2396fc34d4cfca66adef1926e2aafa8b15b91a9f1b084145eae790d7fea941,image_download_v1
MET:315708,MET,https://images.metmuseum.org/CRDImages/ao/original/DP18703.jpg,available,downloaded,,,200,1,https://images.metmuseum.org/CRDImages/ao/original/DP18703.jpg,image/jpeg,data/images/met/MET_315708.jpg,MET_315708.jpg,60961,243,700,JPEG,c6c46d15de31a9b3489812561baa0182b34162acefe60154763953c3f59cd7a5,image_download_v1
MET:315772,MET,https://images.metmuseum.org/CRDImages/ao/original/DP-26542-001.jpg,available,downloaded,,,200,1,https://images.metmuseum.org/CRDImages/ao/original/DP-26542-001.jpg,image/jpeg,data/images/met/MET_315772.jpg,MET_315772.jpg,4899408,4000,3921,JPEG,4f076ac43910d85a841e3f979e5532887ca24105f2922c7c856ddad71aa159cd,image_download_v1
MET:315786,MET,https://images.metmuseum.org/CRDImages/ao/original/DT1269.jpg,available,downloaded,,,200,1,https://images.metmuseum.org/CRDImages/ao/original/DT1269.jpg,image/jpeg,data/images/met/MET_315786.jpg,MET_315786.jpg,2239073,3811,3049,JPEG,cf7f8be4f050a37cdb2c374836d171c981c8613534c8825387b5c33218cd0acc,image_download_v1
MET:316892,MET,https://images.metmuseum.org/CRDImages/ao/original/DT3832rev.jpg,available,downloaded,,,200,1,https://images.metmuseum.org/CRDImages/ao/original/DT3832rev.jpg,image/jpeg,data/images/met/MET_316892.jpg,MET_316892.jpg,493419,1861,1488,JPEG,4ef143ee897ee05e8705cbf33ceef74422a5cc5ea907b28427f06a47119eff34,image_download_v1
MET:316894,MET,https://images.metmuseum.org/CRDImages/ao/original/DP18602.jpg,available,downloaded,,,200,1,https://images.metmuseum.org/CRDImages/ao/original/DP18602.jpg,image/jpeg,data/images/met/MET_316894.jpg,MET_316894.jpg,325113,657,1854,JPEG,b3fc9daf47897da1ab7e683434c004f0055384e420930ebd7dd3d687d7513a57,image_download_v1
MET:316906,MET,https://images.metmuseum.org/CRDImages/ao/original/1994.35.81.jpg,available,downloaded,,,200,1,https://images.metmuseum.org/CRDImages/ao/original/1994.35.81.jpg,image/jpeg,data/images/met/MET_316906.jpg,MET_316906.jpg,16503,192,97,JPEG,e3c5cbb1223e7103f96ce92aa8932d2f8dd16143a6545fc8d285e1fc0099b408,image_download_v1
MET:316910,MET,"https://images.metmuseum.org/CRDImages/ao/original/DP18680_1994.35.85,2.jpg",available,downloaded,,,200,1,"https://images.metmuseum.org/CRDImages/ao/original/DP18680_1994.35.85,2.jpg",image/jpeg,data/images/met/MET_316910.jpg,MET_316910.jpg,363175,576,1764,JPEG,b980d206d486c0ce2cf8d382146cd59da87232e82d9572a39bfd00686ad35e3d,image_download_v1
MET:316913,MET,https://images.metmuseum.org/CRDImages/ao/original/DP-41567-001.jpg,available,downloaded,,,200,1,https://images.metmuseum.org/CRDImages/ao/original/DP-41567-001.jpg,image/jpeg,data/images/met/MET_316913.jpg,MET_316913.jpg,5799470,4000,3416,JPEG,15bbf138bf6901fd142f3d2ebc0b118c4b8d175dd2e7f6ea64ac4a3632b51abe,image_download_v1
MET:316915,MET,"https://images.metmuseum.org/CRDImages/ao/original/DP18677_1994.35.90A,B.jpg",available,downloaded,,,200,1,"https://images.metmuseum.org/CRDImages/ao/original/DP18677_1994.35.90A,B.jpg",image/jpeg,data/images/met/MET_316915.jpg,MET_316915.jpg,433384,819,1935,JPEG,f23e79b4815d5756ce293367301fd2d22c873e74cb49fa968a7ff5f3cd300d1f,image_download_v1
MET:316916,MET,https://images.metmuseum.org/CRDImages/ao/original/DP18678_1994.35.91.jpg,available,downloaded,,,200,1,https://images.metmuseum.org/CRDImages/ao/original/DP18678_1994.35.91.jpg,image/jpeg,data/images/met/MET_316916.jpg,MET_316916.jpg,648011,1044,1818,JPEG,151f753e9853d906d17aec318861171efaf5094230c6b6d0698b38889d434d52,image_download_v1
MET:316921,MET,https://images.metmuseum.org/CRDImages/ao/original/DP18608.jpg,available,downloaded,,,200,1,https://images.metmuseum.org/CRDImages/ao/original/DP18608.jpg,image/jpeg,data/images/met/MET_316921.jpg,MET_316921.jpg,150909,576,1053,JPEG,7c6bb1853f6a5294fd379c5ddcb2b4a0648b5ab387a5675f001eaad17e47a667,image_download_v1
MET:316925,MET,https://images.metmuseum.org/CRDImages/ao/original/DP18612.jpg,available,downloaded,,,200,1,https://images.metmuseum.org/CRDImages/ao/original/DP18612.jpg,image/jpeg,data/images/met/MET_316925.jpg,MET_316925.jpg,513598,1116,1683,JPEG,88e2488159f7fcd0086e01c3e5272d465341f181699bff85d27c00f77e1e1acc,image_download_v1
MET:316931,MET,https://images.metmuseum.org/CRDImages/ao/original/1994.35.106_a.JPG,available,downloaded,,,200,1,https://images.metmuseum.org/CRDImages/ao/original/1994.35.106_a.JPG,image/jpeg,data/images/met/MET_316931.jpg,MET_316931.jpg,598118,2304,3456,JPEG,b519ad9a1c882a4062f4785f9369cfa5ba135b248a1207379f7bc5c901b0e458,image_download_v1
MET:316935,MET,https://images.metmuseum.org/CRDImages/ao/original/vs1994.35.110.jpg,available,downloaded,,,200,1,https://images.metmuseum.org/CRDImages/ao/original/vs1994.35.110.jpg,image/jpeg,data/images/met/MET_316935.jpg,MET_316935.jpg,282895,1942,582,JPEG,bf1875fdebf44164360061d198d3cc36f3ae4c4a987f0a5de6e567604ad2fe14,image_download_v1
MET:316939,MET,https://images.metmuseum.org/CRDImages/ao/original/DP-13440-003.jpg,available,downloaded,,,200,1,https://images.metmuseum.org/CRDImages/ao/original/DP-13440-003.jpg,image/jpeg,data/images/met/MET_316939.jpg,MET_316939.jpg,2834008,4000,3147,JPEG,95679733b0c79e84c0a177a3111b228f2c68987e3cb56730414ffe05eb0dc0c2,image_download_v1
MET:316945,MET,https://images.metmuseum.org/CRDImages/ao/original/DP-28474-001.jpg,available,downloaded,,,200,1,https://images.metmuseum.org/CRDImages/ao/original/DP-28474-001.jpg,image/jpeg,data/images/met/MET_316945.jpg,MET_316945.jpg,1579204,4000,780,JPEG,d951026100a8a475041b91c0b312289a072d7a682296c1533d5278b69b882f85,image_download_v1
MET:317736,MET,https://images.metmuseum.org/CRDImages/ao/original/DT1275.jpg,available,downloaded,,,200,1,https://images.metmuseum.org/CRDImages/ao/original/DT1275.jpg,image/jpeg,data/images/met/MET_317736.jpg,MET_317736.jpg,3631521,3811,3049,JPEG,0dd1f0e8a3da98718d930fb8f7cc098d1c96da0dfd9cbad6759b02109c3db35d,image_download_v1
MET:318460,MET,https://images.metmuseum.org/CRDImages/ao/original/vsl1995_49.jpg,available,downloaded,,,200,1,https://images.metmuseum.org/CRDImages/ao/original/vsl1995_49.jpg,image/jpeg,data/images/met/MET_318460.jpg,MET_318460.jpg,749874,1287,1837,JPEG,7c27eccf6d3ffe005278eec891bfd8f184a8d85efaeeb90f576825f8c24aee82,image_download_v1
MET:318746,MET,https://images.metmuseum.org/CRDImages/ao/original/2001.172_b.jpg,available,downloaded,,,200,1,https://images.metmuseum.org/CRDImages/ao/original/2001.172_b.jpg,image/jpeg,data/images/met/MET_318746.jpg,MET_318746.jpg,402251,1274,3331,JPEG,4d73499f735bfbeae879a4b3855e3eb09dd5418df7d3601d45245f3d97397b2f,image_download_v1
MET:319524,MET,https://images.metmuseum.org/CRDImages/ao/original/2004.406_detail.jpg,available,downloaded,,,200,1,https://images.metmuseum.org/CRDImages/ao/original/2004.406_detail.jpg,image/jpeg,data/images/met/MET_319524.jpg,MET_319524.jpg,2150379,2304,3456,JPEG,7480fa04e6a96c91f628c8a1d9bcd19846f11029c0c865130016d8104974fe75,image_download_v1
MET:319574,MET,https://images.metmuseum.org/CRDImages/ao/original/DP120795.jpg,available,downloaded,,,200,1,https://images.metmuseum.org/CRDImages/ao/original/DP120795.jpg,image/jpeg,data/images/met/MET_319574.jpg,MET_319574.jpg,4625338,3528,3702,JPEG,b8714142378cde6d2040764e2f0c47751876c827ae52af4f6f20c9e402e9251e,image_download_v1
MET:320054,MET,https://images.metmuseum.org/CRDImages/ao/original/DP107700.jpg,available,downloaded,,,200,1,https://images.metmuseum.org/CRDImages/ao/original/DP107700.jpg,image/jpeg,data/images/met/MET_320054.jpg,MET_320054.jpg,4251725,3165,4000,JPEG,28982f0a9511c427b1cdbe2666a95c202c1d81251bf6ca1f9c77a0f8484f1277,image_download_v1
MET:320804,MET,https://images.metmuseum.org/CRDImages/ao/original/TR.489.2010_a.jpg,available,downloaded,,,200,1,https://images.metmuseum.org/CRDImages/ao/original/TR.489.2010_a.jpg,image/jpeg,data/images/met/MET_320804.jpg,MET_320804.jpg,1292052,1671,3218,JPEG,b06977352f923b2127bed3b12e7e2cab14bf1e2d444053f40730b6ac7cedd710,image_download_v1
MET:675980,MET,https://images.metmuseum.org/CRDImages/ao/original/DP-21885-001.jpg,available,downloaded,,,200,1,https://images.metmuseum.org/CRDImages/ao/original/DP-21885-001.jpg,image/jpeg,data/images/met/MET_675980.jpg,MET_675980.jpg,7101768,3958,4000,JPEG,e3883a9e7624de93a0fb8daef545776a6fd12de0cf37578093eaba1f9b316ba8,image_download_v1
MET:751900,MET,https://images.metmuseum.org/CRDImages/ao/original/DP-14285-001.jpg,available,downloaded,,,200,1,https://images.metmuseum.org/CRDImages/ao/original/DP-14285-001.jpg,image/jpeg,data/images/met/MET_751900.jpg,MET_751900.jpg,4321622,3361,4000,JPEG,ce69a18aa1ff44c0c4c66a7e768ec979f679fd591c12fe2a4ed70bd91bcaadb8,image_download_v1
MET:833953,MET,https://images.metmuseum.org/CRDImages/ao/original/DP-18736-001.jpg,available,downloaded,,,200,1,https://images.metmuseum.org/CRDImages/ao/original/DP-18736-001.jpg,image/jpeg,data/images/met/MET_833953.jpg,MET_833953.jpg,6466591,3787,4000,JPEG,cc0e54585820a210c59f007c31ebb2e2583786304ce490561a3b5c861b6fece1,image_download_v1
